transaction_id,amount,transaction_type,sender_bank,receiver_bank,currency,hour,is_laundering
TX00001,15805,Deposit,BankC,BankA,EUR,9,0
TX00002,870,Deposit,BankC,BankD,USD,18,0
TX00003,38168,Deposit,BankC,BankA,EUR,2,1
TX00004,44742,Payment,BankA,BankA,USD,21,0
TX00005,11294,Transfer,BankC,BankA,GBP,14,0
TX00006,6275,Payment,BankC,BankC,UGX,0,0
TX00007,16860,Payment,BankD,BankC,UGX,6,0
TX00008,37204,Deposit,BankC,BankB,GBP,11,0
TX00009,21972,Deposit,BankC,BankB,UGX,16,0
TX00010,47201,Payment,BankB,BankD,UGX,20,1
TX00011,44141,Transfer,BankD,BankB,USD,23,1
TX00012,16033,Withdrawal,BankD,BankA,GBP,19,0
TX00013,41100,Payment,BankD,BankA,EUR,4,1
TX00014,1695,Transfer,BankD,BankC,USD,3,0
TX00015,779,Deposit,BankD,BankA,GBP,11,0
TX00016,2443,Deposit,BankD,BankD,USD,19,0
TX00017,5321,Transfer,BankA,BankA,EUR,23,0
TX00018,37829,Withdrawal,BankC,BankA,EUR,17,0
TX00019,39198,Deposit,BankD,BankD,GBP,16,0
TX00020,17578,Deposit,BankC,BankB,EUR,18,0
TX00021,19779,Deposit,BankC,BankB,USD,8,0
TX00022,28703,Transfer,BankA,BankD,EUR,3,0
TX00023,6406,Payment,BankD,BankC,USD,20,0
TX00024,27490,Deposit,BankB,BankA,USD,1,0
TX00025,41444,Payment,BankA,BankD,EUR,3,1
TX00026,25668,Withdrawal,BankB,BankA,GBP,1,0
TX00027,18952,Deposit,BankC,BankC,UGX,14,0
TX00028,18441,Deposit,BankC,BankA,EUR,1,0
TX00029,2757,Withdrawal,BankA,BankD,USD,3,0
TX00030,199,Deposit,BankA,BankA,USD,5,0
TX00031,19128,Payment,BankB,BankB,EUR,6,0
TX00032,35783,Transfer,BankD,BankC,GBP,9,0
TX00033,1909,Payment,BankB,BankC,GBP,18,0
TX00034,1277,Transfer,BankA,BankC,USD,18,0
TX00035,31561,Transfer,BankB,BankD,USD,21,0
TX00036,11404,Payment,BankA,BankC,GBP,11,0
TX00037,3566,Payment,BankB,BankB,UGX,2,0
TX00038,3900,Payment,BankA,BankD,EUR,12,0
TX00039,41616,Payment,BankA,BankB,USD,17,1
TX00040,30750,Withdrawal,BankA,BankA,USD,7,0
TX00041,14512,Deposit,BankD,BankA,GBP,20,0
TX00042,21787,Transfer,BankB,BankA,EUR,14,0
TX00043,10637,Payment,BankB,BankA,GBP,0,0
TX00044,8802,Payment,BankB,BankB,EUR,2,0
TX00045,43333,Payment,BankA,BankD,EUR,7,1
TX00046,43031,Withdrawal,BankB,BankD,EUR,3,1
TX00047,8443,Payment,BankB,BankC,USD,15,0
TX00048,43011,Payment,BankA,BankB,UGX,22,1
TX00049,11026,Payment,BankC,BankA,GBP,9,0
TX00050,23907,Deposit,BankA,BankB,UGX,11,0
TX00051,2622,Withdrawal,BankB,BankC,GBP,13,0
TX00052,23493,Payment,BankA,BankC,EUR,13,0
TX00053,48565,Transfer,BankC,BankB,USD,1,1
TX00054,17169,Transfer,BankA,BankB,UGX,22,0
TX00055,44984,Transfer,BankB,BankB,USD,4,1
TX00056,41004,Withdrawal,BankC,BankD,GBP,4,1
TX00057,14551,Withdrawal,BankD,BankA,USD,5,0
TX00058,35930,Transfer,BankB,BankB,USD,12,0
TX00059,26541,Payment,BankC,BankB,UGX,8,0
TX00060,1595,Withdrawal,BankC,BankB,EUR,21,0
TX00061,3953,Transfer,BankD,BankC,USD,14,0
TX00062,23949,Transfer,BankA,BankC,EUR,13,0
TX00063,19467,Payment,BankA,BankD,GBP,23,0
TX00064,1031,Deposit,BankB,BankA,USD,6,0
TX00065,11663,Withdrawal,BankD,BankD,UGX,19,0
TX00066,43583,Payment,BankA,BankA,GBP,1,1
TX00067,13427,Transfer,BankD,BankC,GBP,6,0
TX00068,40767,Transfer,BankA,BankC,UGX,5,1
TX00069,9702,Payment,BankC,BankC,USD,16,0
TX00070,45768,Withdrawal,BankA,BankD,USD,1,1
TX00071,6883,Deposit,BankD,BankB,GBP,2,0
TX00072,5685,Deposit,BankC,BankB,USD,4,0
TX00073,171,Transfer,BankC,BankC,EUR,4,0
TX00074,37075,Withdrawal,BankC,BankB,UGX,0,1
TX00075,26567,Deposit,BankD,BankB,EUR,7,0
TX00076,33773,Withdrawal,BankB,BankD,USD,11,0
TX00077,32616,Withdrawal,BankB,BankA,GBP,23,0
TX00078,11544,Transfer,BankB,BankC,UGX,3,0
TX00079,29137,Deposit,BankD,BankC,USD,12,0
TX00080,40407,Payment,BankC,BankD,USD,22,1
TX00081,25861,Transfer,BankB,BankD,GBP,14,0
TX00082,1026,Deposit,BankD,BankB,GBP,10,0
TX00083,24263,Deposit,BankB,BankC,EUR,9,0
TX00084,24286,Deposit,BankA,BankA,UGX,2,0
TX00085,23257,Deposit,BankB,BankD,UGX,21,0
TX00086,24310,Deposit,BankB,BankA,GBP,13,0
TX00087,8539,Withdrawal,BankC,BankA,EUR,15,0
TX00088,17272,Transfer,BankD,BankC,UGX,9,0
TX00089,9278,Withdrawal,BankC,BankC,GBP,9,0
TX00090,21281,Payment,BankC,BankD,USD,11,0
TX00091,12195,Deposit,BankC,BankC,UGX,8,0
TX00092,21253,Transfer,BankC,BankC,EUR,0,0
TX00093,39109,Deposit,BankC,BankC,EUR,4,1
TX00094,8581,Transfer,BankB,BankA,EUR,19,0
TX00095,39986,Withdrawal,BankC,BankD,USD,7,0
TX00096,38054,Transfer,BankC,BankB,UGX,10,0
TX00097,49226,Payment,BankD,BankA,UGX,11,1
TX00098,48994,Payment,BankA,BankC,USD,0,1
TX00099,40784,Transfer,BankB,BankA,UGX,21,1
TX00100,2578,Transfer,BankB,BankC,USD,19,0
TX00101,2037,Transfer,BankB,BankC,USD,10,0
TX00102,2705,Transfer,BankC,BankA,USD,4,0
TX00103,48200,Payment,BankC,BankD,EUR,14,1
TX00104,5268,Deposit,BankC,BankC,UGX,4,0
TX00105,22012,Transfer,BankD,BankD,USD,11,0
TX00106,39514,Transfer,BankA,BankB,UGX,4,1
TX00107,33169,Payment,BankC,BankC,EUR,16,0
TX00108,13996,Payment,BankA,BankD,USD,16,0
TX00109,12676,Withdrawal,BankD,BankD,GBP,23,0
TX00110,38670,Transfer,BankB,BankB,EUR,11,0
TX00111,3571,Withdrawal,BankC,BankD,GBP,23,0
TX00112,26864,Payment,BankA,BankD,UGX,14,0
TX00113,38962,Payment,BankA,BankB,UGX,14,0
TX00114,22672,Deposit,BankC,BankC,EUR,5,0
TX00115,8402,Transfer,BankB,BankD,UGX,11,0
TX00116,30545,Withdrawal,BankB,BankD,GBP,19,0
TX00117,13077,Payment,BankB,BankD,USD,17,0
TX00118,48043,Payment,BankD,BankA,USD,13,1
TX00119,23609,Withdrawal,BankA,BankB,USD,1,0
TX00120,35232,Deposit,BankA,BankA,EUR,8,0
TX00121,11847,Payment,BankA,BankB,UGX,4,0
TX00122,14049,Transfer,BankD,BankC,GBP,19,0
TX00123,30828,Payment,BankA,BankC,UGX,0,1
TX00124,19125,Transfer,BankD,BankD,UGX,22,0
TX00125,10975,Withdrawal,BankB,BankB,UGX,2,0
TX00126,24548,Transfer,BankC,BankC,USD,5,0
TX00127,42540,Withdrawal,BankA,BankB,GBP,4,1
TX00128,5066,Transfer,BankA,BankC,GBP,20,0
TX00129,32492,Withdrawal,BankB,BankA,UGX,4,1
TX00130,47726,Transfer,BankC,BankC,USD,0,1
TX00131,8120,Deposit,BankD,BankA,USD,16,0
TX00132,13783,Transfer,BankC,BankC,GBP,18,0
TX00133,27276,Transfer,BankB,BankD,USD,13,0
TX00134,17422,Deposit,BankB,BankA,USD,11,0
TX00135,33280,Payment,BankC,BankC,USD,9,0
TX00136,6920,Payment,BankD,BankD,EUR,19,0
TX00137,45463,Transfer,BankD,BankA,UGX,20,1
TX00138,25456,Deposit,BankA,BankD,GBP,17,0
TX00139,216,Transfer,BankD,BankB,GBP,23,0
TX00140,21528,Withdrawal,BankC,BankB,EUR,10,0
TX00141,22371,Withdrawal,BankB,BankA,UGX,1,0
TX00142,23429,Transfer,BankA,BankC,GBP,17,0
TX00143,48712,Payment,BankA,BankA,USD,6,0
TX00144,41533,Payment,BankB,BankD,GBP,23,1
TX00145,45161,Transfer,BankD,BankC,USD,14,1
TX00146,22413,Transfer,BankB,BankB,EUR,10,0
TX00147,18151,Withdrawal,BankD,BankC,USD,17,0
TX00148,14830,Payment,BankB,BankB,GBP,22,0
TX00149,40352,Transfer,BankC,BankC,GBP,11,0
TX00150,6384,Withdrawal,BankD,BankC,GBP,5,0
TX00151,1688,Payment,BankC,BankC,EUR,19,0
TX00152,33837,Deposit,BankA,BankD,EUR,22,0
TX00153,16208,Withdrawal,BankB,BankD,UGX,12,0
TX00154,9924,Payment,BankA,BankA,GBP,19,0
TX00155,27900,Payment,BankA,BankA,USD,15,0
TX00156,22309,Withdrawal,BankA,BankB,EUR,17,0
TX00157,43595,Deposit,BankA,BankD,GBP,9,1
TX00158,43699,Withdrawal,BankB,BankB,GBP,22,0
TX00159,42567,Payment,BankA,BankA,EUR,7,0
TX00160,49090,Transfer,BankB,BankB,UGX,17,0
TX00161,44030,Transfer,BankB,BankA,EUR,20,1
TX00162,2703,Withdrawal,BankC,BankD,EUR,0,0
TX00163,29477,Payment,BankD,BankC,USD,22,0
TX00164,29733,Transfer,BankD,BankD,USD,7,0
TX00165,46709,Payment,BankB,BankB,UGX,5,0
TX00166,3637,Withdrawal,BankC,BankB,GBP,4,0
TX00167,25949,Transfer,BankB,BankD,EUR,14,0
TX00168,48935,Payment,BankB,BankD,UGX,21,1
TX00169,42951,Transfer,BankB,BankA,USD,14,1
TX00170,21844,Withdrawal,BankC,BankB,EUR,1,0
TX00171,18057,Payment,BankD,BankB,GBP,0,0
TX00172,26115,Transfer,BankC,BankD,USD,22,0
TX00173,10240,Withdrawal,BankA,BankC,USD,22,0
TX00174,15717,Transfer,BankC,BankB,USD,10,0
TX00175,21986,Transfer,BankC,BankC,UGX,9,0
TX00176,44272,Deposit,BankC,BankD,GBP,17,1
TX00177,23786,Deposit,BankC,BankD,EUR,17,0
TX00178,30090,Withdrawal,BankD,BankA,UGX,16,0
TX00179,1316,Deposit,BankA,BankB,UGX,7,0
TX00180,6786,Withdrawal,BankD,BankC,UGX,14,0
TX00181,27261,Deposit,BankD,BankA,USD,7,0
TX00182,9484,Transfer,BankC,BankB,GBP,16,0
TX00183,40304,Withdrawal,BankB,BankA,UGX,11,1
TX00184,21969,Withdrawal,BankB,BankD,EUR,7,0
TX00185,5540,Transfer,BankD,BankB,GBP,13,0
TX00186,29330,Withdrawal,BankD,BankA,EUR,3,0
TX00187,3758,Withdrawal,BankC,BankA,GBP,0,0
TX00188,31978,Deposit,BankD,BankC,EUR,0,1
TX00189,32572,Withdrawal,BankC,BankA,USD,18,0
TX00190,13555,Payment,BankB,BankB,UGX,15,0
TX00191,673,Transfer,BankB,BankB,EUR,13,0
TX00192,34776,Deposit,BankA,BankC,GBP,20,0
TX00193,8004,Deposit,BankB,BankB,UGX,15,0
TX00194,28031,Payment,BankD,BankD,UGX,4,0
TX00195,30313,Transfer,BankB,BankB,GBP,8,0
TX00196,3314,Transfer,BankC,BankB,EUR,1,0
TX00197,46586,Deposit,BankB,BankA,USD,17,1
TX00198,39363,Withdrawal,BankA,BankA,USD,5,0
TX00199,17685,Deposit,BankB,BankB,EUR,8,0
TX00200,44427,Transfer,BankC,BankC,UGX,0,1
TX00201,23948,Payment,BankC,BankA,UGX,8,0
TX00202,23674,Deposit,BankD,BankC,UGX,15,0
TX00203,1646,Transfer,BankB,BankB,UGX,12,0
TX00204,20090,Deposit,BankC,BankB,EUR,8,0
TX00205,27738,Withdrawal,BankA,BankD,UGX,20,0
TX00206,49860,Deposit,BankD,BankA,GBP,12,1
TX00207,26746,Deposit,BankA,BankB,UGX,8,0
TX00208,28683,Transfer,BankB,BankD,USD,10,0
TX00209,37515,Transfer,BankB,BankA,UGX,3,1
TX00210,47333,Transfer,BankB,BankB,EUR,1,1
TX00211,46655,Deposit,BankD,BankB,USD,5,1
TX00212,864,Withdrawal,BankC,BankA,EUR,13,0
TX00213,24558,Payment,BankD,BankA,EUR,3,0
TX00214,38633,Payment,BankA,BankA,USD,5,0
TX00215,7402,Transfer,BankD,BankB,EUR,18,0
TX00216,46727,Transfer,BankA,BankB,EUR,5,1
TX00217,21566,Deposit,BankD,BankD,UGX,1,0
TX00218,38569,Payment,BankC,BankC,GBP,17,0
TX00219,26319,Transfer,BankA,BankA,EUR,12,0
TX00220,21929,Withdrawal,BankB,BankB,EUR,8,0
TX00221,4941,Withdrawal,BankB,BankB,EUR,22,0
TX00222,32980,Transfer,BankD,BankA,UGX,18,0
TX00223,44225,Transfer,BankB,BankC,GBP,12,1
TX00224,12698,Payment,BankA,BankA,USD,10,0
TX00225,25352,Payment,BankB,BankC,UGX,0,0
TX00226,37167,Deposit,BankC,BankB,UGX,23,0
TX00227,2337,Payment,BankC,BankC,GBP,21,0
TX00228,40782,Withdrawal,BankD,BankD,GBP,6,0
TX00229,40555,Withdrawal,BankA,BankB,UGX,20,1
TX00230,207,Transfer,BankC,BankD,USD,14,0
TX00231,23519,Payment,BankC,BankA,UGX,0,0
TX00232,34708,Deposit,BankA,BankA,GBP,11,0
TX00233,44552,Withdrawal,BankB,BankA,USD,6,1
TX00234,15097,Withdrawal,BankB,BankC,GBP,14,0
TX00235,22681,Deposit,BankD,BankB,USD,20,0
TX00236,25194,Deposit,BankB,BankA,EUR,18,0
TX00237,27858,Withdrawal,BankA,BankA,GBP,0,0
TX00238,42117,Withdrawal,BankC,BankB,GBP,16,1
TX00239,20676,Deposit,BankB,BankA,UGX,16,0
TX00240,44367,Withdrawal,BankD,BankD,GBP,2,1
TX00241,15718,Transfer,BankB,BankB,GBP,11,0
TX00242,26380,Transfer,BankA,BankB,EUR,5,0
TX00243,49821,Deposit,BankD,BankB,GBP,10,1
TX00244,2821,Payment,BankB,BankD,EUR,2,0
TX00245,47021,Deposit,BankD,BankB,EUR,7,1
TX00246,6556,Deposit,BankA,BankD,EUR,13,0
TX00247,34764,Payment,BankC,BankB,EUR,13,0
TX00248,30216,Payment,BankA,BankC,USD,9,0
TX00249,41116,Payment,BankA,BankA,UGX,1,1
TX00250,11421,Transfer,BankA,BankC,USD,13,0
TX00251,2921,Withdrawal,BankA,BankA,GBP,8,0
TX00252,1744,Transfer,BankC,BankD,USD,2,0
TX00253,18237,Withdrawal,BankC,BankC,USD,20,0
TX00254,8690,Transfer,BankD,BankB,GBP,7,0
TX00255,19370,Withdrawal,BankB,BankA,GBP,15,0
TX00256,18353,Transfer,BankC,BankA,GBP,1,0
TX00257,5769,Payment,BankC,BankC,USD,5,0
TX00258,23088,Deposit,BankB,BankD,USD,20,0
TX00259,35163,Transfer,BankC,BankC,GBP,11,0
TX00260,11121,Withdrawal,BankA,BankD,UGX,4,0
TX00261,37514,Payment,BankA,BankD,UGX,1,1
TX00262,1812,Transfer,BankB,BankA,EUR,15,0
TX00263,8165,Transfer,BankD,BankC,GBP,4,0
TX00264,8130,Payment,BankD,BankC,EUR,14,0
TX00265,39394,Transfer,BankB,BankD,UGX,11,0
TX00266,47035,Deposit,BankB,BankC,EUR,3,1
TX00267,47264,Transfer,BankA,BankB,GBP,14,1
TX00268,21928,Deposit,BankD,BankB,GBP,10,0
TX00269,20455,Deposit,BankC,BankC,GBP,15,0
TX00270,30316,Payment,BankA,BankC,USD,22,0
TX00271,16656,Transfer,BankB,BankD,EUR,5,0
TX00272,46853,Payment,BankD,BankB,UGX,13,1
TX00273,31075,Transfer,BankC,BankB,UGX,17,0
TX00274,25209,Transfer,BankC,BankA,UGX,11,0
TX00275,41986,Withdrawal,BankA,BankD,USD,10,1
TX00276,16381,Transfer,BankD,BankA,USD,12,0
TX00277,11845,Payment,BankD,BankB,GBP,20,0
TX00278,45946,Deposit,BankB,BankD,UGX,22,1
TX00279,2059,Transfer,BankD,BankC,USD,10,0
TX00280,31626,Withdrawal,BankD,BankD,GBP,22,0
TX00281,38201,Payment,BankA,BankC,UGX,15,0
TX00282,47367,Transfer,BankD,BankC,EUR,14,1
TX00283,20942,Payment,BankC,BankD,GBP,20,0
TX00284,29865,Withdrawal,BankA,BankC,USD,14,0
TX00285,7168,Withdrawal,BankA,BankA,USD,3,0
TX00286,43026,Payment,BankB,BankB,GBP,10,0
TX00287,7410,Transfer,BankD,BankC,GBP,18,0
TX00288,42652,Deposit,BankB,BankA,USD,14,1
TX00289,15161,Withdrawal,BankC,BankC,EUR,3,0
TX00290,1164,Transfer,BankA,BankB,UGX,20,0
TX00291,4509,Transfer,BankA,BankA,EUR,12,0
TX00292,6305,Deposit,BankA,BankB,GBP,21,0
TX00293,12193,Withdrawal,BankC,BankB,EUR,18,0
TX00294,29309,Withdrawal,BankC,BankA,USD,1,0
TX00295,12884,Transfer,BankB,BankA,GBP,13,0
TX00296,32721,Transfer,BankB,BankA,UGX,3,1
TX00297,5549,Deposit,BankB,BankD,USD,15,0
TX00298,42415,Deposit,BankD,BankA,USD,20,1
TX00299,48364,Withdrawal,BankA,BankA,UGX,19,0
TX00300,2567,Payment,BankA,BankA,UGX,13,0
TX00301,38370,Withdrawal,BankB,BankA,EUR,14,0
TX00302,16492,Transfer,BankA,BankC,GBP,2,0
TX00303,2210,Withdrawal,BankB,BankD,UGX,7,0
TX00304,46950,Payment,BankD,BankB,UGX,15,1
TX00305,2971,Deposit,BankD,BankA,GBP,9,0
TX00306,46985,Payment,BankC,BankC,UGX,3,1
TX00307,21367,Payment,BankD,BankC,UGX,17,0
TX00308,11979,Payment,BankB,BankC,EUR,1,0
TX00309,2879,Deposit,BankD,BankB,USD,16,0
TX00310,46770,Payment,BankC,BankA,USD,12,1
TX00311,28653,Payment,BankA,BankD,USD,3,0
TX00312,24746,Payment,BankB,BankD,USD,10,0
TX00313,38477,Transfer,BankA,BankC,UGX,6,0
TX00314,23338,Payment,BankC,BankB,GBP,11,0
TX00315,25886,Deposit,BankC,BankB,GBP,9,0
TX00316,21305,Payment,BankC,BankB,EUR,6,0
TX00317,3997,Payment,BankA,BankD,EUR,12,0
TX00318,22409,Deposit,BankA,BankC,UGX,6,0
TX00319,46224,Payment,BankA,BankA,GBP,23,0
TX00320,33996,Deposit,BankA,BankD,GBP,16,0
TX00321,20890,Payment,BankC,BankC,USD,9,0
TX00322,4745,Deposit,BankC,BankC,UGX,9,0
TX00323,44074,Payment,BankB,BankA,UGX,23,1
TX00324,4565,Payment,BankB,BankA,USD,3,0
TX00325,41924,Transfer,BankA,BankA,UGX,19,0
TX00326,40828,Transfer,BankD,BankB,UGX,3,1
TX00327,45535,Payment,BankD,BankA,EUR,21,1
TX00328,19840,Payment,BankC,BankC,GBP,6,0
TX00329,17439,Withdrawal,BankC,BankA,UGX,21,0
TX00330,6903,Deposit,BankC,BankC,EUR,0,0
TX00331,14383,Withdrawal,BankB,BankD,GBP,11,0
TX00332,47343,Transfer,BankB,BankB,USD,23,0
TX00333,3446,Transfer,BankC,BankD,EUR,12,0
TX00334,8764,Transfer,BankC,BankD,EUR,9,0
TX00335,10687,Transfer,BankC,BankC,GBP,14,0
TX00336,5905,Payment,BankD,BankD,USD,12,0
TX00337,19748,Transfer,BankB,BankC,EUR,22,0
TX00338,30756,Payment,BankD,BankA,UGX,21,0
TX00339,49387,Payment,BankD,BankA,UGX,21,1
TX00340,48414,Transfer,BankC,BankC,UGX,20,0
TX00341,32362,Transfer,BankC,BankA,USD,21,0
TX00342,39800,Deposit,BankA,BankB,EUR,8,0
TX00343,41929,Withdrawal,BankA,BankD,UGX,8,1
TX00344,5610,Transfer,BankD,BankB,USD,14,0
TX00345,29134,Deposit,BankB,BankD,UGX,9,0
TX00346,27653,Deposit,BankC,BankA,GBP,23,0
TX00347,40774,Withdrawal,BankC,BankB,EUR,9,1
TX00348,9017,Payment,BankD,BankA,EUR,7,0
TX00349,45724,Transfer,BankA,BankD,USD,23,1
TX00350,37420,Withdrawal,BankB,BankC,USD,15,0
TX00351,44090,Transfer,BankA,BankC,EUR,16,1
TX00352,40457,Deposit,BankA,BankB,UGX,4,1
TX00353,8218,Deposit,BankA,BankA,UGX,3,0
TX00354,18599,Payment,BankA,BankA,GBP,17,0
TX00355,43494,Deposit,BankC,BankB,UGX,23,1
TX00356,17463,Deposit,BankC,BankC,USD,18,0
TX00357,36222,Withdrawal,BankA,BankD,USD,3,1
TX00358,43535,Transfer,BankB,BankB,UGX,6,0
TX00359,47212,Transfer,BankD,BankD,USD,9,0
TX00360,32645,Withdrawal,BankB,BankC,EUR,17,0
TX00361,33838,Payment,BankB,BankA,EUR,18,0
TX00362,18721,Transfer,BankB,BankC,UGX,3,0
TX00363,3430,Deposit,BankA,BankB,EUR,9,0
TX00364,31226,Transfer,BankC,BankA,EUR,0,1
TX00365,311,Deposit,BankB,BankB,GBP,22,0
TX00366,45246,Payment,BankA,BankB,GBP,17,1
TX00367,49768,Withdrawal,BankB,BankC,EUR,4,1
TX00368,709,Transfer,BankB,BankB,UGX,14,0
TX00369,200,Withdrawal,BankA,BankC,GBP,16,0
TX00370,10502,Transfer,BankC,BankA,USD,2,0
TX00371,35753,Deposit,BankC,BankC,USD,11,0
TX00372,6112,Withdrawal,BankD,BankA,USD,1,0
TX00373,19788,Transfer,BankA,BankC,UGX,0,0
TX00374,26651,Deposit,BankD,BankD,EUR,22,0
TX00375,34594,Withdrawal,BankD,BankD,USD,20,0
TX00376,32755,Withdrawal,BankD,BankB,UGX,16,0
TX00377,23103,Transfer,BankC,BankC,GBP,21,0
TX00378,579,Transfer,BankA,BankC,EUR,15,0
TX00379,38220,Transfer,BankD,BankA,GBP,4,1
TX00380,34673,Deposit,BankA,BankB,UGX,14,0
TX00381,36641,Transfer,BankA,BankC,USD,2,1
TX00382,45691,Withdrawal,BankC,BankB,USD,6,1
TX00383,7465,Withdrawal,BankD,BankD,UGX,10,0
TX00384,4024,Transfer,BankD,BankC,USD,9,0
TX00385,11103,Transfer,BankA,BankC,EUR,8,0
TX00386,18080,Payment,BankB,BankB,UGX,13,0
TX00387,35787,Withdrawal,BankC,BankC,GBP,12,0
TX00388,16548,Deposit,BankC,BankB,UGX,1,0
TX00389,10739,Payment,BankC,BankC,EUR,2,0
TX00390,34187,Transfer,BankC,BankA,EUR,6,0
TX00391,45027,Transfer,BankD,BankB,UGX,20,1
TX00392,794,Withdrawal,BankD,BankC,UGX,17,0
TX00393,27761,Transfer,BankB,BankD,USD,2,0
TX00394,40874,Deposit,BankC,BankC,EUR,9,0
TX00395,40338,Withdrawal,BankC,BankD,UGX,21,1
TX00396,12543,Transfer,BankA,BankD,UGX,6,0
TX00397,40121,Withdrawal,BankD,BankA,EUR,8,1
TX00398,39984,Transfer,BankC,BankB,UGX,16,0
TX00399,5811,Transfer,BankB,BankC,USD,10,0
TX00400,19200,Transfer,BankB,BankA,EUR,6,0
TX00401,49699,Deposit,BankD,BankC,USD,23,1
TX00402,38764,Deposit,BankB,BankD,USD,13,0
TX00403,29602,Withdrawal,BankB,BankB,USD,18,0
TX00404,10657,Transfer,BankD,BankC,USD,3,0
TX00405,8726,Transfer,BankC,BankC,EUR,5,0
TX00406,23365,Deposit,BankC,BankD,USD,9,0
TX00407,22019,Transfer,BankB,BankC,USD,6,0
TX00408,24386,Deposit,BankB,BankC,UGX,12,0
TX00409,45101,Transfer,BankC,BankD,EUR,13,1
TX00410,4790,Withdrawal,BankD,BankA,EUR,3,0
TX00411,2378,Transfer,BankB,BankD,GBP,7,0
TX00412,12049,Transfer,BankA,BankA,EUR,4,0
TX00413,6665,Payment,BankD,BankB,EUR,0,0
TX00414,40951,Deposit,BankB,BankA,GBP,3,1
TX00415,4505,Transfer,BankB,BankA,EUR,2,0
TX00416,10903,Transfer,BankA,BankB,EUR,8,0
TX00417,25557,Payment,BankA,BankA,EUR,7,0
TX00418,22396,Payment,BankC,BankD,EUR,0,0
TX00419,13413,Deposit,BankD,BankA,GBP,5,0
TX00420,32107,Payment,BankD,BankB,EUR,8,0
TX00421,13131,Withdrawal,BankC,BankD,EUR,6,0
TX00422,10976,Payment,BankD,BankB,GBP,3,0
TX00423,33631,Withdrawal,BankD,BankB,UGX,12,0
TX00424,28322,Deposit,BankD,BankC,USD,16,0
TX00425,49736,Deposit,BankD,BankC,UGX,1,1
TX00426,22687,Deposit,BankD,BankB,GBP,4,0
TX00427,31299,Deposit,BankA,BankB,USD,11,0
TX00428,31034,Deposit,BankD,BankB,GBP,20,0
TX00429,42685,Withdrawal,BankA,BankC,GBP,7,1
TX00430,4787,Withdrawal,BankD,BankC,EUR,5,0
TX00431,29759,Deposit,BankC,BankA,USD,7,0
TX00432,15348,Payment,BankB,BankA,EUR,17,0
TX00433,2501,Transfer,BankA,BankB,USD,2,0
TX00434,27246,Deposit,BankD,BankD,GBP,21,0
TX00435,48106,Payment,BankC,BankD,GBP,11,1
TX00436,14609,Transfer,BankB,BankC,UGX,2,0
TX00437,19518,Deposit,BankA,BankC,USD,21,0
TX00438,3061,Deposit,BankB,BankC,EUR,5,0
TX00439,48757,Withdrawal,BankC,BankB,UGX,1,1
TX00440,49166,Transfer,BankA,BankD,UGX,22,1
TX00441,21616,Transfer,BankB,BankA,UGX,11,0
TX00442,21709,Payment,BankD,BankB,EUR,1,0
TX00443,886,Withdrawal,BankA,BankA,UGX,5,0
TX00444,32103,Withdrawal,BankB,BankA,EUR,16,0
TX00445,4152,Withdrawal,BankC,BankB,UGX,2,0
TX00446,15212,Withdrawal,BankC,BankA,EUR,1,0
TX00447,39744,Transfer,BankA,BankD,GBP,22,0
TX00448,7089,Transfer,BankB,BankA,GBP,19,0
TX00449,7997,Deposit,BankA,BankD,GBP,7,0
TX00450,39577,Deposit,BankA,BankD,GBP,21,0
TX00451,28950,Withdrawal,BankB,BankD,GBP,11,0
TX00452,37243,Withdrawal,BankB,BankC,UGX,3,1
TX00453,17029,Withdrawal,BankD,BankA,UGX,4,0
TX00454,46195,Deposit,BankB,BankB,UGX,12,0
TX00455,18087,Payment,BankC,BankB,EUR,14,0
TX00456,26268,Payment,BankA,BankA,EUR,22,0
TX00457,21146,Deposit,BankA,BankC,EUR,15,0
TX00458,8321,Deposit,BankC,BankC,EUR,9,0
TX00459,17224,Deposit,BankB,BankD,GBP,22,0
TX00460,14108,Deposit,BankC,BankA,GBP,15,0
TX00461,28261,Deposit,BankC,BankA,GBP,11,0
TX00462,37955,Deposit,BankD,BankB,USD,16,0
TX00463,47040,Withdrawal,BankC,BankA,UGX,15,1
TX00464,25955,Withdrawal,BankA,BankC,EUR,11,0
TX00465,25326,Withdrawal,BankC,BankA,EUR,7,0
TX00466,32227,Withdrawal,BankA,BankB,GBP,19,0
TX00467,8318,Deposit,BankA,BankD,EUR,2,0
TX00468,5959,Payment,BankA,BankB,EUR,15,0
TX00469,1160,Transfer,BankB,BankB,UGX,12,0
TX00470,23954,Deposit,BankD,BankD,GBP,22,0
TX00471,34709,Transfer,BankA,BankB,UGX,18,0
TX00472,9214,Payment,BankA,BankB,USD,7,0
TX00473,1091,Withdrawal,BankB,BankA,USD,21,0
TX00474,29315,Payment,BankA,BankA,USD,4,0
TX00475,16906,Deposit,BankC,BankD,GBP,19,0
TX00476,46185,Withdrawal,BankC,BankA,EUR,7,1
TX00477,7815,Deposit,BankD,BankA,GBP,23,0
TX00478,5247,Withdrawal,BankA,BankB,GBP,11,0
TX00479,49721,Transfer,BankB,BankC,EUR,0,1
TX00480,20066,Transfer,BankC,BankA,UGX,20,0
TX00481,45553,Transfer,BankB,BankC,USD,19,1
TX00482,49022,Payment,BankB,BankA,UGX,5,1
TX00483,45962,Deposit,BankC,BankA,USD,21,1
TX00484,3353,Payment,BankB,BankD,GBP,17,0
TX00485,13510,Transfer,BankC,BankD,USD,7,0
TX00486,29385,Deposit,BankB,BankD,GBP,6,0
TX00487,9672,Transfer,BankC,BankC,UGX,0,0
TX00488,16974,Payment,BankA,BankB,GBP,20,0
TX00489,47903,Payment,BankD,BankA,UGX,15,1
TX00490,8140,Payment,BankC,BankA,EUR,11,0
TX00491,19541,Transfer,BankC,BankA,EUR,5,0
TX00492,1689,Deposit,BankD,BankC,EUR,19,0
TX00493,3516,Deposit,BankC,BankD,GBP,1,0
TX00494,13294,Transfer,BankC,BankB,EUR,13,0
TX00495,7263,Deposit,BankB,BankC,USD,3,0
TX00496,19138,Transfer,BankD,BankD,UGX,0,0
TX00497,27942,Deposit,BankA,BankC,UGX,22,0
TX00498,9445,Withdrawal,BankC,BankB,USD,17,0
TX00499,44088,Withdrawal,BankD,BankD,GBP,12,0
TX00500,13306,Payment,BankB,BankC,GBP,1,0
